{
	"body":
	{
		"type": "m_med_nrw"
	},
	"face":
	{
		"freckles":
		{
			"option": "None",
			"density": 0.11223764717578888,
			"saturation": 0.5,
			"strength": 0.21933458745479584,
			"toneShift": 0.5
		},
		"accents":
		{
			"scalp":
			{
				"redness": 0,
				"saturation": 0,
				"lightness": 0
			},
			"forehead":
			{
				"redness": 0,
				"saturation": 0,
				"lightness": 0
			},
			"nose":
			{
				"redness": 0,
				"saturation": 0,
				"lightness": 0
			},
			"underEye":
			{
				"redness": 0,
				"saturation": 0,
				"lightness": 0
			},
			"cheeks":
			{
				"redness": 0,
				"saturation": 0,
				"lightness": 0
			},
			"lips":
			{
				"redness": -0.2199999988079071,
				"saturation": -0.43999999761581421,
				"lightness": -0.18999999761581421
			},
			"chin":
			{
				"redness": 0,
				"saturation": 0,
				"lightness": 0
			},
			"ears":
			{
				"redness": 0,
				"saturation": 0,
				"lightness": 0
			}
		},
		"leftEye":
		{
			"iris":
			{
				"option": "003",
				"color1UI":
				{
					"x": 0.80000001192092896,
					"y": 0.63999998569488525
				},
				"color1":
				{
					"r": 0.14126329123973846,
					"g": 0.078187420964241028,
					"b": 0.035601314157247543,
					"a": 1
				},
				"color2UI":
				{
					"x": 0.93000000715255737,
					"y": 0.10000000149011612
				},
				"color2":
				{
					"r": 0.038204371929168701,
					"g": 0.022173885256052017,
					"b": 0.012983032502233982,
					"a": 1
				},
				"bUseRadialBlend": false,
				"colorBalance": 0.18999999761581421,
				"colorBalanceSmoothness": 0.79000002145767212,
				"size": 0.5,
				"saturation": 0.77999997138977051,
				"limbusDarkAmount": 0
			},
			"sclera":
			{
				"tintUI":
				{
					"x": 0.50224542617797852,
					"y": 0.59166646003723145
				},
				"tint":
				{
					"r": 0.96468621492385864,
					"g": 0.87136709690093994,
					"b": 0.80695223808288574,
					"a": 1
				},
				"brightness": 0.58984136581420898,
				"rotation": 0,
				"vascularity": 0.5,
				"veinsRotation": 0
			}
		},
		"rightEye":
		{
			"iris":
			{
				"option": "003",
				"color1UI":
				{
					"x": 0.80000001192092896,
					"y": 0.63999998569488525
				},
				"color1":
				{
					"r": 0.14126329123973846,
					"g": 0.078187420964241028,
					"b": 0.035601314157247543,
					"a": 1
				},
				"color2UI":
				{
					"x": 0.93000000715255737,
					"y": 0.10000000149011612
				},
				"color2":
				{
					"r": 0.038204371929168701,
					"g": 0.022173885256052017,
					"b": 0.012983032502233982,
					"a": 1
				},
				"bUseRadialBlend": false,
				"colorBalance": 0.18999999761581421,
				"colorBalanceSmoothness": 0.79000002145767212,
				"size": 0.5,
				"saturation": 0.77999997138977051,
				"limbusDarkAmount": 0
			},
			"sclera":
			{
				"tintUI":
				{
					"x": 0.50224542617797852,
					"y": 0.59166646003723145
				},
				"tint":
				{
					"r": 0.96468621492385864,
					"g": 0.87136709690093994,
					"b": 0.80695223808288574,
					"a": 1
				},
				"brightness": 0.58984136581420898,
				"rotation": 0,
				"vascularity": 0.5,
				"veinsRotation": 0
			}
		},
		"teeth":
		{
			"teethColorUI":
			{
				"x": 0.34999999403953552,
				"y": 0.34999999403953552
			},
			"teethColor":
			{
				"r": 0.67954248189926147,
				"g": 0.52099555730819702,
				"b": 0.33716362714767456,
				"a": 1
			},
			"gumColorUI":
			{
				"x": 0.34999999403953552,
				"y": 0.34999999403953552
			},
			"gumColor":
			{
				"r": 0.39157247543334961,
				"g": 0.078187420964241028,
				"b": 0.064803265035152435,
				"a": 1
			},
			"plaqueColorUI":
			{
				"x": 0.34999999403953552,
				"y": 0.34999999403953552
			},
			"plaqueColor":
			{
				"r": 0.60382735729217529,
				"g": 0.41788506507873535,
				"b": 0.11443537473678589,
				"a": 1
			},
			"plaqueAmount": 0.11999999731779099
		},
		"makeup":
		{
			"foundation":
			{
				"bApplyFoundation": false,
				"color":
				{
					"r": 0.43965700268745422,
					"g": 0.19461800158023834,
					"b": 0.13013599812984467,
					"a": 1
				},
				"intensity": 0.5,
				"roughness": 0.25,
				"concealer": 0
			},
			"eyes":
			{
				"option": "PandaSmudge",
				"primaryColor":
				{
					"r": 0.14249397814273834,
					"g": 0.054419208317995071,
					"b": 0.033453166484832764,
					"a": 0
				},
				"secondaryColor":
				{
					"r": 0,
					"g": 0,
					"b": 0,
					"a": 1
				},
				"roughness": 0.5,
				"transparency": 1,
				"metalness": 0
			},
			"blusher":
			{
				"option": "None",
				"color":
				{
					"r": 0.34509798884391785,
					"g": 0,
					"b": 0,
					"a": 1
				},
				"intensity": 0.40000000596046448,
				"roughness": 0.25
			},
			"lips":
			{
				"option": "None",
				"color":
				{
					"r": 0.25520798563957214,
					"g": 0.010634000413119793,
					"b": 0.022097999230027199,
					"a": 1
				},
				"roughness": 0.5,
				"transparency": 0
			}
		}
	},
	"textureSynthesis":
	{
		"bSkinUnlocked": true,
		"lowFrequency": 0.019946807995438576,
		"highFrequency": 0.30259999632835388,
		"contrast": 0.5,
		"skinToneUI":
		{
			"x": 0.47148707509040833,
			"y": 0.54387593269348145
		},
		"skinTone":
		{
			"r": 0.45078578591346741,
			"g": 0.2015562504529953,
			"b": 0.13563333451747894,
			"a": 1
		}
	},
	"grooms":
	{
		"hair":
		{
			"option": "ShortMessy",
			"length": 1,
			"bUseCustomProperties": true,
			"melaninAndRedness":
			{
				"x": 0.70078355073928833,
				"y": 0.32109034061431885
			},
			"roughness": 0.27545151114463806,
			"whiteness": 0.019999362528324127,
			"lightness": 0.5,
			"presetOption": "None",
			"bUseDyeColor": false,
			"dyeColor":
			{
				"r": 0.32156899571418762,
				"g": 0,
				"b": 0.69019597768783569,
				"a": 1
			},
			"bUseRegions": false,
			"regionsUV":
			{
				"x": 0.28189998865127563,
				"y": 0.25
			},
			"bUseRegionsColor": false,
			"regionsColor":
			{
				"r": 1,
				"g": 1,
				"b": 1,
				"a": 1
			},
			"regionsPresetOption": "None",
			"bUseOmbre": false,
			"ombreUV":
			{
				"x": 0.28189998865127563,
				"y": 0.25
			},
			"bUseOmbreColor": false,
			"ombreColor":
			{
				"r": 1,
				"g": 1,
				"b": 1,
				"a": 1
			},
			"ombreShift": 0.5,
			"ombreContrast": 0,
			"ombreIntensity": 1,
			"ombrePresetOption": "None",
			"bUseHighlights": false,
			"highlightsUV":
			{
				"x": 0.28189998865127563,
				"y": 0.25
			},
			"bUseHighlightsColor": false,
			"highlightsColor":
			{
				"r": 1,
				"g": 1,
				"b": 1,
				"a": 1
			},
			"highlightsBlending": 0.5,
			"highlightsIntensity": 0.5,
			"highlightsVariation": 0,
			"highlightsPresetOption": "None",
			"eyebrowsShading": 1,
			"eyebrowsMicroblading": 1,
			"bUseMaskModulation": false,
			"maskModulationOption": "None"
		},
		"eyebrows":
		{
			"option": "EyebrowsFlatThick",
			"length": 1,
			"bUseCustomProperties": true,
			"melaninAndRedness":
			{
				"x": 1,
				"y": 0.71106219291687012
			},
			"roughness": 0.25,
			"whiteness": 0,
			"lightness": 0.5,
			"presetOption": "None",
			"bUseDyeColor": false,
			"dyeColor":
			{
				"r": 0.32156899571418762,
				"g": 0,
				"b": 0.69019597768783569,
				"a": 1
			},
			"bUseRegions": false,
			"regionsUV":
			{
				"x": 0.28189998865127563,
				"y": 0.25
			},
			"bUseRegionsColor": false,
			"regionsColor":
			{
				"r": 1,
				"g": 1,
				"b": 1,
				"a": 1
			},
			"regionsPresetOption": "None",
			"bUseOmbre": false,
			"ombreUV":
			{
				"x": 0.28189998865127563,
				"y": 0.25
			},
			"bUseOmbreColor": false,
			"ombreColor":
			{
				"r": 1,
				"g": 1,
				"b": 1,
				"a": 1
			},
			"ombreShift": 0.5,
			"ombreContrast": 0,
			"ombreIntensity": 1,
			"ombrePresetOption": "None",
			"bUseHighlights": false,
			"highlightsUV":
			{
				"x": 0.28189998865127563,
				"y": 0.25
			},
			"bUseHighlightsColor": false,
			"highlightsColor":
			{
				"r": 1,
				"g": 1,
				"b": 1,
				"a": 1
			},
			"highlightsBlending": 0.5,
			"highlightsIntensity": 0.5,
			"highlightsVariation": 0,
			"highlightsPresetOption": "None",
			"eyebrowsShading": 1,
			"eyebrowsMicroblading": 1,
			"bUseMaskModulation": false,